country_name,year,gdp_growth,unemployment,inflation
Australia,1988,5.76137011855324,,7.21593968766828
Australia,1989,3.87901779350344,,7.53390256152688
Australia,1990,3.57297569098456,,7.33302195235872
Australia,1991,-0.384631357046658,9.586,3.17667536988685
Australia,1992,0.433065864126704,10.733,1.01223112610714
Australia,1993,4.04583374101011,10.879,1.75365344467641
Australia,1994,3.97884434177331,9.724,1.96963479688141
Australia,1995,3.89017188961647,8.473,4.62776659959759
Australia,1996,3.86567479160071,8.509,2.61538461538461
Australia,1997,3.91795814771731,8.367,0.224887556221887
Australia,1998,4.67681373479508,7.684,0.860134629768142
Australia,1999,5.02822035850596,6.876,1.48312940304041
Australia,2000,3.9160574881715,6.288,4.45743514797224
Australia,2001,2.03145880248898,6.747,4.40713536201469
Australia,2002,3.94980535772942,6.375,2.98157453936348
Australia,2003,3.0912800997751,5.933,2.73259596616786
Australia,2004,4.21894147547516,5.399,2.34325522482583
Australia,2005,3.15548121323168,5.036,2.69183168316832
Australia,2006,2.7709261737475,4.785,3.55528773727026
Australia,2007,3.78947119882653,4.381,2.32761128891476
Australia,2008,3.62398503565633,4.242,4.35029854990048
Australia,2009,1.95484826298522,5.565,1.77111716621254
Australia,2010,2.21004795300735,5.214,2.91834002677376
Australia,2011,2.39473494330615,5.083,3.3038501560874
Australia,2012,3.95247138119184,5.225,1.76278015613196
Australia,2013,2.65445302592404,5.663,2.4498886414254
Australia,2014,2.60118978187332,6.078,2.48792270531404
Australia,2015,2.16434780647852,6.055,1.50836672165921
Australia,2016,2.75564065529868,5.711,1.27699094497324
Australia,2017,2.29331030192918,5.592,1.94864740944527
Australia,2018,2.87417039499501,5.345,1.91140094445691
Australia,2019,2.19401703622717,5.143,1.61076787290379
Australia,2020,-0.133531904304775,6.394,0.846905537459305
Austria,1988,3.2958798164712,,1.91571684671258
Austria,1989,3.88707478685015,,2.56834829029372
Austria,1990,4.34564183768971,,3.26187231878578
Austria,1991,3.44162748808654,3.42,3.33742703474788
Austria,1992,2.0935244262602,3.59,4.02084780038557
Austria,1993,0.526809769496765,4.25,3.63178524943176
Austria,1994,2.40211843259056,3.535,2.95340936761079
Austria,1995,2.66798388882503,4.345,2.24336631500905
Austria,1996,2.21576713087359,5.282,1.86097115760433
Austria,1997,2.1458350552646,5.15,1.30597857227693
Austria,1998,3.49288002962309,5.483,0.922467196680799
Austria,1999,3.76192435190464,4.699,0.568993765885568
Austria,2000,3.18952292988787,4.687,2.34486285357282
Austria,2001,1.31698749571339,4.007,2.65000077279528
Austria,2002,1.48436877605324,4.852,1.81035787764127
Austria,2003,1.14156504542775,4.779,1.35555370896452
Austria,2004,2.56525534067859,5.969,2.06120618032862
Austria,2005,2.32036514266782,5.682,2.29913785639285
Austria,2006,3.26933601506059,5.32,1.4415485111902
Austria,2007,3.77522468729185,4.909,2.16855528800749
Austria,2008,1.45330562142114,4.198,3.21595033239886
Austria,2009,-3.58626472551299,5.371,0.506308827696515
Austria,2010,1.80898243043663,4.883,1.81353438995062
Austria,2011,2.92746800169145,4.637,3.2865791487538
Austria,2012,0.628246239479637,4.909,2.48567562177015
Austria,2013,-0.250726423318454,5.367,2.00015616900597
Austria,2014,0.755798850316665,5.674,1.60581182954474
Austria,2015,1.30352331826198,5.802,0.89656333526032
Austria,2016,2.11721964494312,6.064,0.891591752655362
Austria,2017,2.27224992038207,5.561,2.08126911385587
Austria,2018,2.48422114080024,4.933,1.9983798142954
Austria,2019,1.75497619649288,4.56,1.53089564152644
Austria,2020,-6.31825509209936,5.201,1.38191063351862
Belgium,1988,4.72320872854138,,1.16093493415325
Belgium,1989,3.46916697570174,,3.10705065111094
Belgium,1990,3.13740221731629,,3.44831217961808
Belgium,1991,1.83307441343001,6.984,3.2153106926081
Belgium,1992,1.53065475142162,6.702,2.42795567164615
Belgium,1993,-0.961873076923027,8.078,2.75442643473461
Belgium,1994,3.22697145426247,9.645,2.37754084476398
Belgium,1995,2.38475724870135,9.337,1.46796699090272
Belgium,1996,1.32143214432601,9.483,2.07702107350674
Belgium,1997,3.79367165541437,8.95,1.62816049512958
Belgium,1998,1.96183240455609,9.322,0.94925028835061
Belgium,1999,3.54271798823922,8.649,1.12084823417845
Belgium,2000,3.71670510672588,6.586,2.54451776190908
Belgium,2001,1.09960362419645,6.178,2.46925823086078
Belgium,2002,1.70689430349601,6.91,1.64521436175357
Belgium,2003,1.03795518162204,7.68,1.5889639997038
Belgium,2004,3.57120671942319,7.363,2.09728311239314
Belgium,2005,2.32173792911834,8.44,2.78143263670022
Belgium,2006,2.55234087322462,8.246,1.7912077007046
Belgium,2007,3.67692462515802,7.459,1.82305630026808
Belgium,2008,0.446905130727231,6.976,4.48944420508401
Belgium,2009,-1.90644105515335,7.908,-0.0531456741253769
Belgium,2010,2.71031150254662,8.293,2.18929920422457
Belgium,2011,1.93115502411325,7.14,3.53208210722742
Belgium,2012,0.215803612089744,7.542,2.83966343445899
Belgium,2013,0.305494549070232,8.425,1.1130959402754
Belgium,2014,1.76554038149924,8.523,0.340002833356922
Belgium,2015,1.47416433731927,8.482,0.561429152790065
Belgium,2016,1.19350273007754,7.83,1.97385264653181
Belgium,2017,1.47446761556785,7.09,2.12597086002607
Belgium,2018,1.87796847383565,5.941,2.05316499865186
Belgium,2019,2.4428900448156,5.364,1.43681956996429
Belgium,2020,-4.7929839083518,5.545,0.740791812220344
Canada,1988,4.41083900341744,,4.02823414871611
Canada,1989,2.33732975738413,,4.98362189985958
Canada,1990,0.202947874139198,,4.78047693336304
Canada,1991,-2.0910550979319,10.316,5.62586408593005
Canada,1992,0.890466180427183,11.197,1.49013290374545
Canada,1993,2.65770691557481,11.377,1.86507936507939
Canada,1994,4.49404929532982,10.395,0.165562913907291
Canada,1995,2.68232822733793,9.489,2.14876033057849
Canada,1996,1.68896122499937,9.62,1.57053112507138
Canada,1997,4.28016683621337,9.1,1.62121638084531
Canada,1998,3.89288654344983,8.278,0.99594245665802
Canada,1999,5.14100353715349,7.583,1.73484295105918
Canada,2000,5.1385391803606,6.829,2.71943995691976
Canada,2001,1.87509810696022,7.219,2.52512013979906
Canada,2002,2.99925535017809,7.665,2.25839440940855
Canada,2003,1.80638512302554,7.574,2.75856321360112
Canada,2004,3.09236384292251,7.185,1.85725871857256
Canada,2005,3.21045439063563,6.758,2.21355203439767
Canada,2006,2.63794375007348,6.484,2.00202539534161
Canada,2007,2.04990463726786,6.156,2.13838399266837
Canada,2008,0.995406301140747,6.284,2.37027067444299
Canada,2009,-2.91508621550267,8.46,0.299466803009299
Canada,2010,3.09080634469335,8.178,1.77687154092627
Canada,2011,3.13719442170364,7.637,2.91213508872351
Canada,2012,1.75566129145483,7.392,1.51567823124517
Canada,2013,2.32581354806429,7.143,0.938291897815317
Canada,2014,2.87346677785811,7.023,1.90663590717861
Canada,2015,0.649971001734855,6.945,1.12524136094277
Canada,2016,1.03855092490855,7.038,1.42875954701085
Canada,2017,3.03383491200222,6.426,1.59688412852977
Canada,2018,2.74296344906655,5.837,2.26822567248103
Canada,2019,1.90843194590616,5.69,1.94926902411593
Canada,2020,-5.03823343468899,9.657,0.716999632307827
Denmark,1988,0.272951118976223,,4.5351330101572
Denmark,1989,0.697173210370437,,4.77272342435522
Denmark,1990,1.66026774169177,,2.64160306382
Denmark,1991,1.45818005306188,9.099,2.39515331724415
Denmark,1992,2.0228112415746,9.027,2.09604442933217
Denmark,1993,-0.078900412805325,10.719,1.25785667953259
Denmark,1994,5.29469615156448,8.036,1.99201463809526
Denmark,1995,3.03802150461165,6.992,2.08360842382846
Denmark,1996,2.89575069230459,6.844,2.12629802275584
Denmark,1997,3.16848143784479,5.4,2.18216677907116
Denmark,1998,2.32630274538961,5.039,1.84565122007889
Denmark,1999,2.96730536257029,5.141,2.4977954440453
Denmark,2000,3.72400899471576,4.476,2.90328203236453
Denmark,2001,0.95003224600012,4.164,2.33787000255262
Denmark,2002,0.456530018779986,4.274,2.42443661219697
Denmark,2003,0.441091006625101,5.398,2.07507820646507
Denmark,2004,2.77635180744053,5.204,1.15435693124932
Denmark,2005,2.35960882992528,4.83,1.81781458291254
Denmark,2006,3.81648769908172,3.897,1.92422138464594
Denmark,2007,0.987173815945127,3.801,1.69326586220315
Denmark,2008,-0.417178439991005,3.683,3.41626794258373
Denmark,2009,-4.97447905669058,6.409,1.30470991024337
Denmark,2010,1.58289703108802,7.746,2.31092436974789
Denmark,2011,1.3108037609606,7.769,2.7586822605125
Denmark,2012,-0.0054323016167074,7.798,2.3979148566464
Denmark,2013,1.39267343161971,7.384,0.789071780078062
Denmark,2014,1.27799983192831,6.925,0.56402054044954
Denmark,2015,2.10441456445301,6.278,0.452034153691575
Denmark,2016,3.07304549209093,5.989,0.250000000000031
Denmark,2017,3.05647723922718,5.833,1.14713216957602
Denmark,2018,1.8600074900921,5.131,0.813609467455631
Denmark,2019,1.71140093932736,5.018,0.75813157251162
Denmark,2020,-1.78010601831291,5.644,0.420711974110115
Finland,1988,5.23111280719965,,5.08592861394881
Finland,1989,5.08392955255206,,6.59290980189131
Finland,1990,0.691649917806032,,6.1495653117985
Finland,1991,-5.88059618513641,6.503,4.31021289843465
Finland,1992,-3.31137361706595,11.595,2.91932319285011
Finland,1993,-0.779815061561479,16.201,2.19065319556437
Finland,1994,3.96437283726799,16.426,1.08855677589405
Finland,1995,4.23436710187066,17.005,0.791239406938498
Finland,1996,3.66265716987186,15.572,0.629194238120966
Finland,1997,6.39770068404337,14.967,1.19255883425839
Finland,1998,5.45427021765444,13.214,1.3994737857984
Finland,1999,4.38928070374669,11.693,1.16223155669444
Finland,2000,5.75373770498848,11.134,3.04210080667795
Finland,2001,2.64026205699308,10.29,2.57844080098896
Finland,2002,1.68732644358099,10.423,1.5712201278938
Finland,2003,2.01179992738312,10.469,0.877440386254785
Finland,2004,4.00537952277651,10.358,0.187120559084418
Finland,2005,2.77730918518017,9.602,0.623874450025191
Finland,2006,4.01957326515895,8.935,1.56666380704386
Finland,2007,5.31280176694145,6.854,2.5106656524034
Finland,2008,0.784431235717051,6.369,4.06595355358379
Finland,2009,-8.07603116552393,8.249,-9.17360384430342e-07
Finland,2010,3.1682879121621,8.394,1.18413523154646
Finland,2011,2.39039455396828,7.781,3.41680754255211
Finland,2012,-1.52284013040689,7.689,2.80833622561574
Finland,2013,-0.979741024949618,8.193,1.4782861568881
Finland,2014,-0.4780684247837,8.663,1.04119621178439
Finland,2015,0.466503766322674,9.376,-0.207928839905268
Finland,2016,2.57193414898754,8.818,0.356684500891695
Finland,2017,3.30337003591039,8.64,0.754015047084346
Finland,2018,1.19297759742292,7.361,1.08382098409305
Finland,2019,1.34973845741737,6.695,1.02409392963431
Finland,2020,-2.49103605535707,7.759,0.290554555653239
France,1988,4.81422400170246,,2.70081527508113
France,1989,4.40516927190527,,3.49830220700749
France,1990,2.82962715326478,,3.19428338029475
France,1991,1.23666248297356,9.134,3.21340732409687
France,1992,1.5160611169627,10.203,2.36376046269353
France,1993,-0.35899781051468,11.32,2.10446277124644
France,1994,2.38366086110145,12.593,1.65551532926993
France,1995,2.30479278392259,11.834,1.79648142095595
France,1996,1.39707987198881,12.367,1.98288365089738
France,1997,2.5270616339357,12.566,1.20394294026962
France,1998,3.45259434279616,12.074,0.651126867833049
France,1999,3.39930808809441,11.981,0.537141639134645
France,2000,4.14099996402915,10.218,1.67595988720927
France,2001,1.89946701186636,8.61,1.63478079549601
France,2002,1.06775027069419,8.702,1.9234122872706
France,2003,0.967827182558352,8.306,2.09847219146923
France,2004,2.86825052501032,8.914,2.14208964640241
France,2005,1.88856584109286,8.882,1.74586936380482
France,2006,2.71406448755236,8.832,1.67512449608723
France,2007,2.53048188351066,8.008,1.4879980595386
France,2008,0.380171435849121,7.386,2.81286194914787
France,2009,-2.82455153714783,9.122,0.0876204781574552
France,2010,2.00032476039051,9.279,1.53112270420926
France,2011,2.43757653729007,9.228,2.11159795174994
France,2012,0.183835264973013,9.841,1.9541953161351
France,2013,0.781756446231,9.913,0.863715497861805
France,2014,0.997832947295251,10.273,0.50775882293799
France,2015,1.06675474783462,10.354,0.0375143805125182
France,2016,0.860031075424033,10.057,0.18333486112386
France,2017,2.08361485997399,9.409,1.03228275064662
France,2018,1.64590872395887,9.018,1.85081508315502
France,2019,2.02744646419237,8.415,1.10825492288294
France,2020,-7.44064589948231,8.009,0.476498852725066
Germany,1988,3.70723567991882,,1.27411894006923
Germany,1989,3.89655170553733,,2.78056955569751
Germany,1990,5.25500610110028,,2.69646824292392
Germany,1991,5.10826150190911,5.316,4.04703259753466
Germany,1992,2.01361340926105,6.323,5.05697796731731
Germany,1993,-0.973033082340891,7.675,4.47457650752808
Germany,1994,2.59685569693275,8.727,2.69305639854954
Germany,1995,1.50499384201356,8.158,1.70616041317076
Germany,1996,1.0378755674358,8.822,1.44972701963239
Germany,1997,1.85432238398302,9.861,1.93937198922729
Germany,1998,2.09561231172233,9.787,0.911183535014403
Germany,1999,2.12957016297766,8.854,0.585433064230783
Germany,2000,2.8765231247659,7.917,1.44026838719741
Germany,2001,1.63614170690956,7.773,1.98385731334471
Germany,2002,-0.228255715793637,8.482,1.42080615551526
Germany,2003,-0.529801394291297,9.779,1.03422218628562
Germany,2004,1.16208684507278,10.727,1.66573696655992
Germany,2005,0.885485292551564,11.193,1.54691114751328
Germany,2006,3.86668241523209,10.277,1.57742642840563
Germany,2007,2.8891174138025,8.732,2.29834400700951
Germany,2008,0.887902330743628,7.508,2.62837981637219
Germany,2009,-5.54455451920674,7.88,0.312739007368447
Germany,2010,4.13463778522758,7.043,1.1038103778926
Germany,2011,3.75796884489337,5.967,2.07517283735874
Germany,2012,0.463512036709204,5.372,2.00848884782956
Germany,2013,0.396995583779145,5.316,1.50472330251876
Germany,2014,2.18018602168017,4.979,0.906794000434246
Germany,2015,1.66300602334775,4.612,0.514426137125456
Germany,2016,2.22222216259371,4.104,0.491747008445174
Germany,2017,2.797906720551,3.781,1.50949485109628
Germany,2018,1.13569604599849,3.384,1.73216879766942
Germany,2019,0.977734697038784,3.163,1.44565976888253
Germany,2020,-4.13191443239947,3.881,0.144877925813982
Greece,1988,4.28786172851761,,13.5288583215049
Greece,1989,3.79999995287797,,13.6555638723612
Greece,1990,0.0,,20.433499109463
Greece,1991,3.09999970633838,7.572,19.4558456445745
Greece,1992,0.700000337119789,8.927,15.8770737923919
Greece,1993,-1.60000002186294,10.177,14.4112644439348
Greece,1994,1.99999984724822,9.808,10.8740756809132
Greece,1995,2.09971953235275,10.116,8.93451415961517
Greece,1996,1.38247057325857,10.402,8.19455217632728
Greece,1997,3.60288326516122,10.472,5.5360026677348
Greece,1998,3.43693579661333,12.227,4.76622572397641
Greece,1999,2.65878562321184,12.138,2.6366330602198
Greece,2000,4.13782699405849,11.345,3.1511816249383
Greece,2001,4.65041459442163,10.764,3.37396832213867
Greece,2002,4.68313727063017,10.346,3.62935871878874
Greece,2003,5.79682274294369,9.839,3.53065027765552
Greece,2004,5.37786634595851,10.628,2.8988481075817
Greece,2005,1.18350635493289,10.074,3.54507273335078
Greece,2006,6.44339762487436,8.906,3.19594684144545
Greece,2007,3.50686976639459,8.351,2.89500321516578
Greece,2008,0.0574740238200775,7.664,4.15279708110293
Greece,2009,-4.11927606715011,9.546,1.21007269197809
Greece,2010,-5.6937412158003,12.719,4.71298907760388
Greece,2011,-9.87677875300243,17.973,3.3298532335065
Greece,2012,-8.33113421099992,24.731,1.50152696177758
Greece,2013,-2.27211699888024,27.686,-0.921269454256994
Greece,2014,0.792225060962835,26.708,-1.31226096405506
Greece,2015,-0.228301892172851,24.981,-1.73588804765284
Greece,2016,-0.0317947678412054,23.514,-0.825653978390973
Greece,2017,1.47312472702352,21.413,1.12125452031419
Greece,2018,2.06467207892409,19.179,0.62562141345364
Greece,2019,2.27718065334808,17.045,0.253007522038157
Greece,2020,-9.19623149726978,15.899,-1.24798355581405
Hungary,1988,-0.0652631433035538,,15.7235490703556
Hungary,1989,0.736424821486906,,17.149151997396
Hungary,1990,-3.49665976181741,,28.3695996532777
Hungary,1991,-11.8920408618435,8.5,34.8175429072704
Hungary,1992,-3.06418034558638,9.942,23.6557207806552
Hungary,1993,-0.576108518425613,12.098,22.4642346133809
Hungary,1994,2.94715455541068,10.847,18.8680749869283
Hungary,1995,1.48952547593046,10.168,28.3054683706654
Hungary,1996,0.101234227633242,10.022,23.4690301919185
Hungary,1997,2.97787906543104,8.991,18.3050744143799
Hungary,1998,3.84810814449837,8.925,14.153789654534
Hungary,1999,3.08605811588221,6.929,9.99774409303368
Hungary,2000,4.40937501806403,6.563,9.80361016908125
Hungary,2001,4.06202617226026,5.671,9.11680911680911
Hungary,2002,4.73006530805553,5.608,5.26544821583985
Hungary,2003,3.93877761242727,5.79,4.66101694915254
Hungary,2004,4.96312536156307,5.832,6.74434679569469
Hungary,2005,4.30028318461673,7.189,3.56151711378352
Hungary,2006,3.93393162712054,7.494,3.93032603841001
Hungary,2007,0.332354337878925,7.406,7.9587451654491
Hungary,2008,0.993437085479655,7.817,6.0425125388106
Hungary,2009,-6.7401660845502,10.03,4.21171171171171
Hungary,2010,1.06795068152046,11.172,4.85555795691956
Hungary,2011,1.91670916599742,11.029,3.9299209893507
Hungary,2012,-1.33948446518181,11.003,5.65214517088646
Hungary,2013,2.03216990678146,10.177,1.73319984983101
Hungary,2014,4.33435364113967,7.725,-0.227566270988219
Hungary,2015,3.65981615406955,6.813,-0.0616446800641672
Hungary,2016,2.43864141309342,5.115,0.394769306686392
Hungary,2017,4.12418389451805,4.156,2.34824281150154
Hungary,2018,5.60613813768876,3.667,2.85024792594646
Hungary,2019,5.07718495088933,3.411,3.33858635382008
Hungary,2020,-4.33872540024058,4.248,3.32674385766738
Iceland,1988,-0.089725977854286,,25.7255090852842
Iceland,1989,0.258439804261698,,20.7581950334485
Iceland,1990,1.16937035968014,,15.510721994253
Iceland,1991,-0.223525498840075,2.548,6.80877887943634
Iceland,1992,-3.37389416853765,4.305,3.94771176824031
Iceland,1993,1.31344949985998,5.257,4.04285291076947
Iceland,1994,3.60885792911003,5.326,1.55265627495777
Iceland,1995,0.116583656161382,5.196,1.65123150116658
Iceland,1996,4.49765343483963,3.6,2.26041898267297
Iceland,1997,4.14087045064694,3.72,1.81543080282242
Iceland,1998,7.01048322607343,3.069,1.65924170953427
Iceland,1999,3.89798762287089,2.178,3.23183260906467
Iceland,2000,4.90518213679276,1.936,5.13647123245151
Iceland,2001,3.84093935130252,1.874,6.40508550386868
Iceland,2002,0.542286728015213,2.988,5.19702230216628
Iceland,2003,2.28136971731965,3.997,2.05566329753742
Iceland,2004,7.62260520117914,4.031,3.15819324298464
Iceland,2005,7.0293406083855,2.547,3.98704782806593
Iceland,2006,5.67161248460013,2.83,6.68707906136661
Iceland,2007,8.74132941508014,2.251,5.05155736492146
Iceland,2008,1.69961076077263,2.946,12.6943942775878
Iceland,2009,-8.32146414328021,7.22,12.0031298461743
Iceland,2010,-2.22181847599202,7.564,5.39673113167477
Iceland,2011,1.37999669140882,7.028,4.0010266434312
Iceland,2012,1.16931174886884,6.0,5.18589988750698
Iceland,2013,3.59695700972851,5.376,3.87227923748249
Iceland,2014,1.91381609098249,4.897,2.04461481539333
Iceland,2015,3.76859023848581,3.979,1.63305558181326
Iceland,2016,6.21808764217616,2.978,1.69692761997751
Iceland,2017,3.48506703916689,2.742,1.76041559180596
Iceland,2018,4.66077032612084,2.704,2.68291768267392
Iceland,2019,1.13821230465001,3.507,3.01397179156053
Iceland,2020,-6.64587816297836,5.478,2.84792401518665
Ireland,1988,5.21741342322537,,2.13456989107103
Ireland,1989,5.81391994557339,,4.08905388153544
Ireland,1990,8.46652776398362,,3.31732886680118
Ireland,1991,1.9296401741083,15.771,3.21081037142378
Ireland,1992,3.34327412603812,15.021,3.06999853835904
Ireland,1993,2.69260841466448,15.571,1.46941522411422
Ireland,1994,5.75582797061618,14.544,2.30920192610951
Ireland,1995,9.63442136559036,11.97,2.52486446780802
Ireland,1996,7.37962465765875,11.692,1.75574469607419
Ireland,1997,11.0217650823433,10.191,1.5418020226137
Ireland,1998,8.7661226571214,7.699,2.40768094534715
Ireland,1999,10.5298856427062,5.804,1.62988605221407
Ireland,2000,9.40352476399653,4.318,5.57763269940387
Ireland,2001,5.30582133514299,3.684,4.85280279607477
Ireland,2002,5.89936506079005,4.216,4.62820512820515
Ireland,2003,3.01383869396012,4.478,3.49221909079765
Ireland,2004,6.78813990621356,4.491,2.17854605730523
Ireland,2005,5.73978202625278,4.237,2.45654692931639
Ireland,2006,4.98785364537615,4.355,3.93576114001354
Ireland,2007,5.31011830898613,4.98,4.88574537540802
Ireland,2008,-4.48407081043062,6.774,4.03568834941391
Ireland,2009,-5.09578277913846,12.609,-4.44754686876746
Ireland,2010,1.68297175486512,14.534,-0.918388645376774
Ireland,2011,1.60886648916944,15.354,2.5489783020855
Ireland,2012,-0.40502941658977,15.451,1.69474116680366
Ireland,2013,2.1929375750029,13.735,0.515099484900573
Ireland,2014,9.38579335130922,11.858,0.190916398713745
Ireland,2015,24.6239856364006,9.908,-0.330959783371788
Ireland,2016,1.22271661130947,8.374,0.0201247735963237
Ireland,2017,10.1088576065965,6.713,0.362173038229378
Ireland,2018,7.68865937437435,5.741,0.471130713712916
Ireland,2019,4.97288003766816,4.95,0.937842961189274
Ireland,2020,7.15369505735335,5.623,-0.326183651280033
Italy,1988,4.19437725054567,,5.05824747667119
Italy,1989,3.38838350504491,,6.25983137956977
Italy,1990,1.98577491758405,,6.456609061464
Italy,1991,1.53844759206665,10.097,6.24999929790291
Italy,1992,0.834275417393798,9.321,5.2705899859293
Italy,1993,-0.852805731913904,10.212,4.62673468331298
Italy,1994,2.15102367074849,11.086,4.05184218065716
Italy,1995,2.88683671925843,11.661,5.23542258044301
Italy,1996,1.34558477192847,11.864,4.0069766898104
Italy,1997,1.92572122608527,11.985,2.04310779750136
Italy,1998,1.8043732818638,12.117,1.95508557719381
Italy,1999,1.67799157943422,11.681,1.66345995007714
Italy,2000,3.88209885062652,10.834,2.53768532095002
Italy,2001,2.00643329837733,9.599,2.78516542713554
Italy,2002,0.26992966378873,9.211,2.46532319171165
Italy,2003,0.0665538088732092,8.869,2.6725555277285
Italy,2004,1.4740217064723,7.866,2.20673661423657
Italy,2005,0.762410677306491,7.73,1.9852929852798
Italy,2006,1.79947992234244,6.777,2.09084391012754
Italy,2007,1.46229205289291,6.076,1.82974112202403
Italy,2008,-1.02313851177097,6.723,3.34783258401022
Italy,2009,-5.30515401233991,7.749,0.774768131387381
Italy,2010,1.52910573247101,8.363,1.52551602118248
Italy,2011,0.695463154440176,8.359,2.78063272879323
Italy,2012,-3.12523877282996,10.655,3.04136333226775
Italy,2013,-1.81802510749792,12.149,1.21999342274306
Italy,2014,-0.0013876173045446,12.683,0.241047429826756
Italy,2015,0.885667635240807,11.896,0.0387903996579733
Italy,2016,1.23622108511661,11.688,-0.09401665691575
Italy,2017,1.60369995294101,11.211,1.22653316645812
Italy,2018,0.826646712344115,10.538,1.13748763600391
Italy,2019,0.429162533780342,9.884,0.611246943765304
Italy,2020,-8.86822122185345,9.192,-0.13770757391651
Japan,1988,6.66163652210332,,0.678557580457558
Japan,1989,4.92578541317788,,2.27228962064317
Japan,1990,4.84092905699353,,3.0785162869516
Japan,1991,3.52335723553459,2.059,3.25143848753308
Japan,1992,0.900586066438109,2.158,1.7602830605927
Japan,1993,-0.459219716250544,2.539,1.24304589707924
Japan,1994,1.0833831743207,2.89,0.695458057869004
Japan,1995,2.6309996164206,3.15,-0.127899045020446
Japan,1996,3.13387099272759,3.383,0.136600358575909
Japan,1997,0.981228732290873,3.374,1.74780458692133
Japan,1998,-1.27033049466078,4.078,0.661974191385911
Japan,1999,-0.333929957687772,4.677,-0.341296928327554
Japan,2000,2.76464755136783,4.748,-0.676578683595175
Japan,2001,0.386103426142029,5.02,-0.740055504162738
Japan,2002,0.0419624992862282,5.386,-0.923494026942321
Japan,2003,1.53512549946694,5.251,-0.256541816316025
Japan,2004,2.18611569439318,4.734,-0.0085733882031027
Japan,2005,1.80390087215821,4.446,-0.282946068764391
Japan,2006,1.3723501275831,4.192,0.249355116079085
Japan,2007,1.48396941157472,3.888,0.060039454498669
Japan,2008,-1.22428900061713,4.002,1.3800788616492
Japan,2009,-5.69323635892741,5.068,-1.35283672951719
Japan,2010,4.09791791943181,5.102,-0.728243207517779
Japan,2011,0.0238095237995424,4.55,-0.27245561610124
Japan,2012,1.37475099905274,4.358,-0.0440645104432602
Japan,2013,2.00510017681211,4.038,0.335037912184741
Japan,2014,0.296205514141889,3.589,2.75922671353253
Japan,2015,1.56062669680782,3.385,0.795279630579839
Japan,2016,0.753826745789127,3.132,-0.127258844489754
Japan,2017,1.67533175173359,2.822,0.484199796126385
Japan,2018,0.643391023533141,2.467,0.989094598021848
Japan,2019,-0.402169200894946,2.351,0.46877615938395
Japan,2020,-4.16876457146743,2.809,-0.024995834027731
South Korea,1988,12.1331951107172,,7.14609773721605
South Korea,1989,7.16501737923842,,5.70016544561401
South Korea,1990,10.0248996213899,,8.57327225728677
South Korea,1991,10.8749739277708,2.407,9.33279048161495
South Korea,1992,6.35159199606441,2.513,6.21328146355184
South Korea,1993,6.99471791742556,2.878,4.80099660215354
South Korea,1994,9.3718357757101,2.476,6.26585950039679
South Korea,1995,9.7358937505409,2.063,4.48074108557248
South Korea,1996,7.99042982526839,2.048,4.92454354292754
South Korea,1997,6.2821926537929,2.608,4.4389318457463
South Korea,1998,-4.9389297463141,6.963,7.51358008079307
South Korea,1999,11.6172629559591,6.342,0.81295725444637
South Korea,2000,9.2018583880479,4.063,2.25916580080157
South Korea,2001,4.72593560322356,3.699,4.06657587897792
South Korea,2002,7.74399895319569,3.046,2.76226210296599
South Korea,2003,3.07472661826947,3.348,3.51487451459939
South Korea,2004,5.1836368597334,3.42,3.59066298882578
South Korea,2005,4.35823667337156,3.482,2.75379162735039
South Korea,2006,5.24500550580342,3.254,2.24234028518921
South Korea,2007,5.8419633918717,3.013,2.53457382137932
South Korea,2008,3.00440451679569,2.959,4.67389655533408
South Korea,2009,0.81986175641795,3.363,2.7564965449393
South Korea,2010,6.98166138853071,3.324,2.93928652655686
South Korea,2011,3.6880320602952,2.992,4.0259650043609
South Korea,2012,2.54766550568242,2.812,2.18707104433314
South Korea,2013,3.2913959543442,3.067,1.30134754547413
South Korea,2014,3.21468019683108,3.082,1.27477446401322
South Korea,2015,2.92029267301234,3.546,0.70633177245575
South Korea,2016,3.17152748983935,3.65,0.971685739912168
South Korea,2017,3.433191763972,3.653,1.94433230786366
South Korea,2018,3.17611568177327,3.824,1.47583935002645
South Korea,2019,2.31380210595475,3.746,0.383000303608136
South Korea,2020,-0.700242317542106,3.931,0.537288023411737
Luxembourg,1988,8.46328527903233,,1.43659056634904
Luxembourg,1989,9.79805997542229,,3.37095887290443
Luxembourg,1990,5.31993336839281,,3.25376659083639
Luxembourg,1991,8.64419071515121,1.482,3.11835659874851
Luxembourg,1992,1.81965297334699,2.029,3.15417375961789
Luxembourg,1993,4.20064695547975,2.33,3.58809818535164
Luxembourg,1994,3.82092168668748,3.479,2.1947646868907
Luxembourg,1995,1.43220019776147,2.918,1.86769424969105
Luxembourg,1996,1.39807549779829,3.286,1.18385968843571
Luxembourg,1997,5.41983084056754,2.527,1.36751261207943
Luxembourg,1998,6.67451290702765,2.763,0.958570110494674
Luxembourg,1999,8.17518184900963,2.39,1.02519676474932
Luxembourg,2000,6.93812976136098,2.345,3.15076707022592
Luxembourg,2001,3.07435550952719,1.805,2.66382110579103
Luxembourg,2002,3.22541782301025,2.621,2.07408613571643
Luxembourg,2003,2.61937861354482,3.675,2.04984030563518
Luxembourg,2004,4.23188928835465,5.113,2.22567916428889
Luxembourg,2005,2.48287498468387,4.488,2.48769665164088
Luxembourg,2006,6.0167154014547,4.731,2.66631494577069
Luxembourg,2007,8.09866723048083,4.065,2.31245861786127
Luxembourg,2008,-0.300175624936841,5.06,3.40187963025571
Luxembourg,2009,-3.23895409147492,5.194,0.368041997888887
Luxembourg,2010,3.76041454320028,4.423,2.2736791162154
Luxembourg,2011,1.04429855323325,5.122,3.41068341068342
Luxembourg,2012,1.64990212764553,5.03,2.66284165508021
Luxembourg,2013,3.17178989968683,6.045,1.73403963519162
Luxembourg,2014,2.62308679154881,6.044,0.628543985440717
Luxembourg,2015,2.26978423302835,6.796,0.474743161437779
Luxembourg,2016,4.97819011520116,6.669,0.290833333333317
Luxembourg,2017,1.31718713754285,5.523,1.73079959118887
Luxembourg,2018,1.61129561338169,5.589,1.5281952430738
Luxembourg,2019,2.74931929072659,5.592,1.74332075653848
Luxembourg,2020,-0.510051634039826,6.766,0.819957302127036
Mexico,1988,1.21826122938586,,114.162258549066
Mexico,1989,3.62544873456009,,20.0078767139978
Mexico,1990,5.25004329944582,,26.6516725646771
Mexico,1991,3.97590497138043,3.145,22.662359455061
Mexico,1992,3.56861354412243,3.235,15.5078962533573
Mexico,1993,2.86699945461075,3.365,9.75146045357553
Mexico,1994,4.39412788764169,4.436,6.96581237191123
Mexico,1995,-5.91029962358286,7.095,34.9992712889592
Mexico,1996,6.21829715869302,5.465,34.3783832235168
Mexico,1997,7.19887615284711,4.235,20.6256287259247
Mexico,1998,6.18507893082885,3.733,15.9283950119353
Mexico,1999,2.75503039300564,2.598,16.5856169707538
Mexico,2000,5.02928399378261,2.646,9.49156149435403
Mexico,2001,-0.450845253215945,2.627,6.36773806235037
Mexico,2002,-0.236588001922641,3.003,5.03072733151295
Mexico,2003,1.18554486709559,3.455,4.54690012118718
Mexico,2004,3.56544100946846,3.937,4.68840884843143
Mexico,2005,2.11324712586392,3.558,3.98805714597437
Mexico,2006,4.80501352746852,3.566,3.62946762439132
Mexico,2007,2.07786393438754,3.628,3.96684905458235
Mexico,2008,0.943331863036903,3.874,5.12498274575896
Mexico,2009,-6.29525055780502,5.356,5.29735584228856
Mexico,2010,4.9713345832195,5.303,4.15672722680174
Mexico,2011,3.44404505794418,5.175,3.40737824605742
Mexico,2012,3.55321075993527,4.892,4.11150981070289
Mexico,2013,0.852101559410627,4.921,3.80639069747204
Mexico,2014,2.50376350288664,4.819,4.01861608078679
Mexico,2015,2.70232342550646,4.311,2.72064064964023
Mexico,2016,1.77249323845399,3.853,2.8217078474766
Mexico,2017,1.87172853327193,3.419,6.04145724018986
Mexico,2018,1.97208209405635,3.275,4.89935015356551
Mexico,2019,-0.392690505066824,3.477,3.63596142127046
Mexico,2020,-8.35403458167995,4.44,3.39683415570006
Netherlands,1988,3.44121887987075,,0.737950688332319
Netherlands,1989,4.42011805714839,,1.08215810253299
Netherlands,1990,4.18322279220835,,2.45409184818341
Netherlands,1991,2.43913458059633,7.285,3.15820041477122
Netherlands,1992,1.70607086906817,5.555,3.18358181761551
Netherlands,1993,1.2575522529669,6.287,2.58418448671799
Netherlands,1994,2.96109249092605,7.159,2.80152463293178
Netherlands,1995,3.11603588982837,7.157,1.92322003453525
Netherlands,1996,3.42057733811352,6.421,1.94936713166008
Netherlands,1997,4.24847954297027,5.511,2.10924562739483
Netherlands,1998,4.64778462461781,4.394,1.95913632274251
Netherlands,1999,5.04332136430241,3.622,2.15717918055059
Netherlands,2000,4.2197537762102,2.725,2.36052233801948
Netherlands,2001,2.32357570819386,2.119,4.15584127195613
Netherlands,2002,0.245785659129112,2.554,3.28753104712771
Netherlands,2003,0.097832364227159,3.593,2.09199838997655
Netherlands,2004,2.01630996216733,4.646,1.2636473918318
Netherlands,2005,2.03396336199143,5.872,1.68813017869623
Netherlands,2006,3.53737509680782,5.007,1.10150106517702
Netherlands,2007,3.88530644801823,4.153,1.61385859802103
Netherlands,2008,2.11681593642137,3.658,2.48650198289454
Netherlands,2009,-3.66529049145096,4.352,1.1897768702155
Netherlands,2010,1.31932032302214,4.991,1.27530569556683
Netherlands,2011,1.77334516269423,4.977,2.34107017751373
Netherlands,2012,-0.977876877747732,5.821,2.45554765291604
Netherlands,2013,-0.0302325600539604,7.241,2.50689852657885
Netherlands,2014,1.61261001294011,7.419,0.976035079699679
Netherlands,2015,2.12060523860846,6.872,0.600248147278776
Netherlands,2016,2.42428572955482,6.007,0.316666666666743
Netherlands,2017,2.78154619309936,4.837,1.38145871407206
Netherlands,2018,2.2587403735731,3.832,1.7034979474447
Netherlands,2019,2.30009157916757,3.379,2.63369910249601
Netherlands,2020,-3.86795333823223,3.82,1.27246037789161
New Zealand,1988,-0.353677478990647,,6.37524944411053
New Zealand,1989,0.161414613910125,,5.7159915513563
New Zealand,1990,0.153140653942785,,6.09844414810204
New Zealand,1991,-1.09079322533503,10.614,2.60239285999773
New Zealand,1992,1.09383475591748,10.667,1.01456027171236
New Zealand,1993,6.39152850429893,9.804,1.28820776574386
New Zealand,1994,5.11924841488023,8.354,1.74537790773743
New Zealand,1995,4.72208114777668,6.461,3.75494413677554
New Zealand,1996,3.61187886151062,6.29,2.28571305402195
New Zealand,1997,2.07927288651346,6.857,1.18714833105632
New Zealand,1998,0.858406352198429,7.718,1.26524409915406
New Zealand,1999,5.37772890780957,7.023,-0.114267129777524
New Zealand,2000,2.87005108790095,6.13,2.6152344624632
New Zealand,2001,3.41099312247906,5.433,2.62581630392903
New Zealand,2002,4.71347767117496,5.282,2.67709257711605
New Zealand,2003,4.72804204913962,4.745,1.75357444759557
New Zealand,2004,4.08796484025709,4.005,2.29024902847571
New Zealand,2005,3.35292760405062,3.807,3.03702332617012
New Zealand,2006,2.77978059105617,3.857,3.36540196171993
New Zealand,2007,3.05641638984955,3.661,2.37614310290659
New Zealand,2008,-1.01703846933975,4.167,3.9589493731206
New Zealand,2009,-0.0374661120713,6.121,2.1156511055456
New Zealand,2010,1.45863634911349,6.557,2.30202385958572
New Zealand,2011,2.09349621669912,6.491,4.0279066739204
New Zealand,2012,2.36630664656174,6.931,1.05991318445632
New Zealand,2013,2.58954199031598,5.839,1.13442266445817
New Zealand,2014,3.82638491760299,5.428,1.227507505974
New Zealand,2015,3.69036908387233,5.415,0.292704628136101
New Zealand,2016,3.77911068354334,5.147,0.646240284454524
New Zealand,2017,3.37873219470765,4.736,1.85078767452536
New Zealand,2018,3.47058203866328,4.335,1.59829703801696
New Zealand,2019,2.31747144034802,4.109,1.61963190184048
New Zealand,2020,-0.307246896026541,4.595,1.71456170007245
Norway,1988,-0.255186919919623,,6.67636598771417
Norway,1989,1.03825236584341,,4.54614335505379
Norway,1990,1.93229130670601,,4.1310334831135
Norway,1991,3.08443862114596,5.407,3.43819599109134
Norway,1992,3.5744589537378,5.91,2.32808504911857
Norway,1993,2.8451826884301,5.965,2.28826933193057
Norway,1994,5.0552739968782,5.349,1.37567498071479
Norway,1995,4.1556430062232,6.307,2.46036778693724
Norway,1996,5.02791307591366,5.036,1.26253249164502
Norway,1997,5.28460660979037,4.687,2.56692335900259
Norway,1998,2.66868660973638,3.737,2.25241329996423
Norway,1999,2.0720471690145,3.247,2.36596736596734
Norway,2000,3.31894570142394,3.458,3.08550609131276
Norway,2001,2.06713043546189,3.738,3.00419703998237
Norway,2002,1.37755702173065,4.022,1.28672528415184
Norway,2003,0.944909363247831,4.221,2.48782553461783
Norway,2004,4.01458802387079,4.256,0.45449850222084
Norway,2005,2.68512290339085,4.381,1.53213367609254
Norway,2006,2.46147311635166,3.397,2.32934980757544
Norway,2007,2.91404000653228,2.493,0.712589073634201
Norway,2008,0.481919549757933,2.521,3.75393081761005
Norway,2009,-1.94036472596633,3.1,2.19738586853574
Norway,2010,0.787051861494078,3.527,2.41890639481001
Norway,2011,1.10565603382983,3.196,1.28495158809152
Norway,2012,2.71795924894734,3.129,0.696864111498362
Norway,2013,1.01619084044641,3.425,2.12048620353112
Norway,2014,2.04813200438943,3.486,2.04170286707211
Norway,2015,1.85733971623901,4.296,2.17113665389527
Norway,2016,1.16472423928819,4.68,3.54999999999998
Norway,2017,2.46374626574153,4.164,1.87510059552554
Norway,2018,0.828931500516902,3.801,2.76483134528788
Norway,2019,1.12374694968757,3.684,2.16773003305402
Norway,2020,-1.27817177234034,4.424,1.28658490708005
Poland,1988,,,58.7208297320654
Poland,1989,,,244.550932984827
Poland,1990,,,567.878800666191
Poland,1991,-7.01557879301123,13.621,76.7694992087347
Poland,1992,2.51497861350261,13.645,46.0985621037431
Poland,1993,3.73831029461471,14.393,36.9641666120718
Poland,1994,5.292802066626,14.825,32.9912766093522
Poland,1995,7.92965956313934,13.695,27.951388563304
Poland,1996,6.09387747385628,12.684,19.7949669196707
Poland,1997,6.35890635030509,10.964,14.9131586149599
Poland,1998,4.62161133761769,9.935,11.5978554257235
Poland,1999,4.69918479192557,12.29,7.15407291179862
Poland,2000,4.65633252988236,14.928,9.90017538843064
Poland,2001,1.23374464400356,18.435,5.40833545566148
Poland,2002,1.90119437968586,20.211,1.90528215048055
Poland,2003,3.52337117234833,19.899,0.682701375787681
Poland,2004,5.09079546409544,18.822,3.38264681884691
Poland,2005,3.26082274679216,17.592,2.18379872390258
Poland,2006,6.20210710934373,13.794,1.28469394366408
Poland,2007,6.7604478527626,9.551,2.45874312385402
Poland,2008,4.38377069274605,7.069,4.16497193524764
Poland,2009,2.61512859291683,8.131,3.79539242483406
Poland,2010,3.16892748258036,9.578,2.58069370250543
Poland,2011,5.25546256612796,9.576,4.2394014962594
Poland,2012,1.51178167644575,10.031,3.56037151702783
Poland,2013,0.684240607051805,10.293,0.991982606332428
Poland,2014,3.92050862390032,8.971,0.0538213132399802
Poland,2015,4.43176700264478,7.475,-0.87412587412577
Poland,2016,3.03117767594847,6.141,-0.664767331433961
Poland,2017,5.15245773325907,4.867,2.0759355367385
Poland,2018,6.2458584723942,3.835,1.81295156542679
Poland,2019,4.58045817256199,3.267,2.227478809383
Poland,2020,-2.03556882399977,3.155,3.37446972618589
Portugal,1988,7.4891073628233,,10.1016321152266
Portugal,1989,6.44063956353789,,12.6863036456149
Portugal,1990,3.95052317228428,,13.6305705693074
Portugal,1991,4.36820616663232,3.919,11.8494841773675
Portugal,1992,1.08947689832507,3.985,9.55926033177508
Portugal,1993,-2.04327729359404,5.301,6.78377994665407
Portugal,1994,0.964838285067799,6.709,5.42044019241626
Portugal,1995,4.28278017236022,7.064,4.22281614099486
Portugal,1996,3.50424653058748,7.298,3.06897732509789
Portugal,1997,4.40086766458026,6.571,2.33686298314116
Portugal,1998,4.80796318953165,4.64,2.5727522590913
Portugal,1999,3.90657779623113,4.579,2.34009490312169
Portugal,2000,3.81617714108242,3.806,2.85303039287157
Portugal,2001,1.94367213427915,3.829,4.36990330551793
Portugal,2002,0.770924781247714,4.497,3.60034658290914
Portugal,2003,-0.930521045062918,6.132,3.21899090682895
Portugal,2004,1.78873552917291,6.319,2.36536204097302
Portugal,2005,0.781847569123585,7.582,2.27716394887834
Portugal,2006,1.62503532956156,7.649,3.1076654587105
Portugal,2007,2.50657937751231,7.965,2.45396528138743
Portugal,2008,0.319247344434558,7.553,2.58850657657959
Portugal,2009,-3.12207827545093,9.432,-0.835530021504157
Portugal,2010,1.73762453640036,10.771,1.40257289895369
Portugal,2011,-1.71352745905065,12.715,3.65301100430724
Portugal,2012,-4.05090267621935,15.509,2.77333854051586
Portugal,2013,-0.984106574148328,16.237,0.274416666666663
Portugal,2014,0.741391420706506,13.88,-0.278153367467428
Portugal,2015,1.58979803702681,12.405,0.48793862390472
Portugal,2016,2.00414129666575,11.058,0.607397074641719
Portugal,2017,3.31472008175986,8.878,1.36861411643472
Portugal,2018,2.94628343449202,6.966,0.993715683468326
Portugal,2019,2.74568432648596,6.422,0.338178410046034
Portugal,2020,-8.20463159324387,6.85,-0.0124383299575305
Slovakia,1988,,,
Slovakia,1989,,,
Slovakia,1990,,,
Slovakia,1991,-14.5738026728363,12.1,
Slovakia,1992,-6.72148858941303,12.185,9.89350519771167
Slovakia,1993,1.90132875267943,12.2,23.287027664545
Slovakia,1994,6.20553051900119,13.654,13.4155203422246
Slovakia,1995,5.8434942995335,13.109,9.84109579837748
Slovakia,1996,6.11957878556568,11.341,5.77582786155949
Slovakia,1997,5.48584018546269,11.894,6.14198999595652
Slovakia,1998,3.82610773560614,12.421,6.66565123195824
Slovakia,1999,-0.473261209621114,16.099,10.5704416075225
Slovakia,2000,0.78922447792516,18.546,12.0357805974299
Slovakia,2001,2.92516077248489,19.148,7.3296201911553
Slovakia,2002,4.41725348271514,18.541,3.12714222984608
Slovakia,2003,4.85669851591319,17.549,8.55414305406645
Slovakia,2004,5.38949856996771,18.206,7.54850088183423
Slovakia,2005,6.48493222274386,16.276,2.70908494588384
Slovakia,2006,8.92568704770216,13.395,4.48333120449611
Slovakia,2007,10.8186295074904,11.16,2.7567237163814
Slovakia,2008,5.36337721231949,9.514,4.59817976325028
Slovakia,2009,-5.50533790972226,12.023,1.61510464058238
Slovakia,2010,6.79058159142423,14.387,0.957018132975143
Slovakia,2011,2.56242473215553,13.634,3.9192859914629
Slovakia,2012,1.56917104702706,13.966,3.6061026352289
Slovakia,2013,0.703323545247201,14.226,1.40047368963025
Slovakia,2014,2.70795151449488,11.536,-0.0761653295419871
Slovakia,2015,5.17687909722133,11.492,-0.325219777427673
Slovakia,2016,1.94781841524558,9.679,-0.520010196278266
Slovakia,2017,2.87473327453695,8.142,1.31194588223228
Slovakia,2018,4.06211981896483,6.544,2.51403712883812
Slovakia,2019,2.27589910019393,5.761,2.66456133425431
Slovakia,2020,-2.58551241733207,6.719,1.93694126694223
Spain,1988,5.09432412898086,,4.83727066490361
Spain,1989,4.82703031299745,,6.79143584025099
Spain,1990,3.7813935513235,,6.72181952228657
Spain,1991,2.54600049647455,15.929,5.93421344335924
Spain,1992,0.929215482921151,17.697,5.9245312622849
Spain,1993,-1.03149183695307,22.156,4.56907173681813
Spain,1994,2.38319537908909,24.209,4.71841373967329
Spain,1995,2.75749400293542,22.675,4.67380337624704
Spain,1996,2.60741117110229,22.142,3.55884559338558
Spain,1997,3.58729972356299,20.698,1.97107395582926
Spain,1998,4.30197745333581,18.673,1.8343299990841
Spain,1999,4.40886545305924,15.475,2.31034813987067
Spain,2000,5.20064125553942,13.785,3.43351563418767
Spain,2001,3.91908880808811,10.348,3.58983413338112
Spain,2002,2.75545611564098,11.146,3.06565685902219
Spain,2003,2.9392895953076,11.283,3.03888839396655
Spain,2004,3.1145314799161,11.09,3.03924881090925
Spain,2005,3.5512255846125,9.146,3.36881409750383
Spain,2006,4.04343515605099,8.452,3.51557576832128
Spain,2007,3.53350013165972,8.232,2.78679745804946
Spain,2008,0.767165748290694,11.254,4.07534335957339
Spain,2009,-3.76813306940053,17.857,-0.28781308353524
Spain,2010,0.0941223116369514,19.86,1.79986457728769
Spain,2011,-0.639920636520344,21.39,3.1961018883379
Spain,2012,-2.86511368637748,24.789,2.44612782366809
Spain,2013,-1.42732224757626,26.094,1.40858109183019
Spain,2014,1.52048593647231,24.441,-0.151114837527235
Spain,2015,4.06086672473866,22.057,-0.500365709903242
Spain,2016,2.91515598595787,19.635,-0.202598000426452
Spain,2017,2.89604207865007,17.224,1.95607633363963
Spain,2018,2.39541124478878,15.255,1.6749813686379
Spain,2019,1.96117850841711,14.104,0.699518994458739
Spain,2020,-10.9400706350371,15.532,-0.322753017299739
Sweden,1988,2.55903868133913,,5.82489868439437
Sweden,1989,2.65480690949124,,6.4432758742661
Sweden,1990,0.754674765275468,,10.3665533879493
Sweden,1991,-1.14597485051154,3.243,9.4446273294419
Sweden,1992,-1.15859275987265,5.722,2.3743672511188
Sweden,1993,-2.06561636908388,9.33,4.72817304626053
Sweden,1994,4.01576585901515,9.58,2.15813800724632
Sweden,1995,4.09438992772475,8.897,2.45514857818395
Sweden,1996,1.70471985374236,9.547,0.533131978766297
Sweden,1997,3.06499186399252,10.359,0.658410256243514
Sweden,1998,4.24583179417877,8.941,-0.267132668355006
Sweden,1999,4.20111929805536,7.607,0.462175756339173
Sweden,2000,4.63112136551369,5.466,0.899143734041633
Sweden,2001,1.36080642694121,4.73,2.40595834145438
Sweden,2002,2.27772867861897,4.965,2.15848213589264
Sweden,2003,1.88102769675844,5.555,1.92565534892391
Sweden,2004,4.17958419343711,6.693,0.373659828721813
Sweden,2005,2.79313782840156,7.81,0.453170852576182
Sweden,2006,4.67607488877992,7.066,1.3602146862768
Sweden,2007,3.22486814096095,6.161,2.21216883436735
Sweden,2008,-0.923113250067971,6.235,3.43704910602874
Sweden,2009,-4.25561384207619,8.351,-0.494460544377991
Sweden,2010,5.75076477579255,8.61,1.15798802715628
Sweden,2011,3.16388567406926,7.804,2.9611507382214
Sweden,2012,-0.414397702454409,7.976,0.888377506923638
Sweden,2013,1.13766671801426,8.052,-0.0442929701485858
Sweden,2014,2.29577238758284,7.954,-0.179638494114635
Sweden,2015,4.38824673608589,7.432,-0.0467847449832812
Sweden,2016,2.13117914731151,6.99,0.984269244577992
Sweden,2017,1.88282184966646,6.718,1.79449904665589
Sweden,2018,1.7702553546772,6.365,1.95353530127028
Sweden,2019,2.60823012869524,6.833,1.78415097403835
Sweden,2020,-1.93379704032216,8.291,0.497367318853572
Switzerland,1988,3.27759628671245,,1.87246859731873
Switzerland,1989,4.33079421991349,,3.15526979710908
Switzerland,1990,3.67462550079662,,5.4039590921894
Switzerland,1991,-0.915816616547943,1.818,5.8595966346867
Switzerland,1992,-0.0437330086271288,2.344,4.03703020778739
Switzerland,1993,-0.125983460416222,3.551,3.29262180313611
Switzerland,1994,1.26975779924055,3.58,0.8521169951207
Switzerland,1995,0.480866374676907,3.094,1.79982776867144
Switzerland,1996,0.471280025458157,3.684,0.811634064628211
Switzerland,1997,2.26132529914345,4.127,0.520225422736652
Switzerland,1998,3.02996930632413,3.568,0.0179384378439098
Switzerland,1999,1.66270104939127,3.053,0.806444380959449
Switzerland,2000,3.95871990780931,2.658,1.5585291967901
Switzerland,2001,1.57566198688916,2.49,0.989020329832546
Switzerland,2002,-0.0732172569941127,2.924,0.642711506543278
Switzerland,2003,-0.0323984255438887,4.117,0.638272930887201
Switzerland,2004,2.70170912949028,4.316,0.802908730955227
Switzerland,2005,2.74969910618739,4.437,1.17195420333703
Switzerland,2006,4.0736284178369,3.995,1.05950928324802
Switzerland,2007,3.91637577227581,3.641,0.732350603122248
Switzerland,2008,2.8079835919566,3.35,2.42604117060158
Switzerland,2009,-2.29737452570922,4.109,-0.480481936423275
Switzerland,2010,3.24339715656356,4.808,0.688238707220026
Switzerland,2011,1.81310830459596,4.409,0.2313492076509
Switzerland,2012,1.17925385250513,4.491,-0.692552018105253
Switzerland,2013,1.79214400716117,4.747,-0.217323155115693
Switzerland,2014,2.34988141500179,4.826,-0.0132025387514939
Switzerland,2015,1.64462750849488,4.801,-1.14390867228183
Switzerland,2016,2.06868969039562,4.918,-0.434618664285835
Switzerland,2017,1.36279965488859,4.797,0.533787839825897
Switzerland,2018,2.86044579439036,4.713,0.936335464113563
Switzerland,2019,1.14198218965691,4.394,0.362886179940614
Switzerland,2020,-2.14173712008038,4.817,-0.725874933313384
United Kingdom,1988,5.0321018040183,,4.15535171583102
United Kingdom,1989,2.28144671930745,,5.76024909185262
United Kingdom,1990,0.779266119883417,,8.06346090938833
United Kingdom,1991,-1.29243974751705,8.55,7.46178295746934
United Kingdom,1992,1.29472849604493,9.772,4.59154929577461
United Kingdom,1993,3.49048744653493,10.346,2.55857796929705
United Kingdom,1994,4.95341092800692,9.648,2.21901260504205
United Kingdom,1995,3.53339096338078,8.694,2.69749518304432
United Kingdom,1996,2.61491606949487,8.189,2.85178236397749
United Kingdom,1997,4.8799853038024,7.072,2.20114313510882
United Kingdom,1998,3.24631482881618,6.198,1.82056163731557
United Kingdom,1999,2.94445869854798,6.042,1.7529508005142
United Kingdom,2000,4.52438074810904,5.558,1.18295624210408
United Kingdom,2001,2.39102229602824,4.696,1.53234960272418
United Kingdom,2002,1.70902736258567,5.037,1.52040245947455
United Kingdom,2003,3.21851612669614,4.807,1.37650038542013
United Kingdom,2004,2.32601853325993,4.594,1.39039756680422
United Kingdom,2005,2.7906547174688,4.884,2.0891364902507
United Kingdom,2006,2.18982132415704,5.472,2.4556616643929
United Kingdom,2007,2.93091133582351,5.399,2.38656150773327
United Kingdom,2008,-0.0494116727402769,5.748,3.52140856342539
United Kingdom,2009,-4.58740819226323,7.683,1.96173173560109
United Kingdom,2010,2.26054460931586,7.973,2.49265472467065
United Kingdom,2011,0.851437739020326,8.195,3.8561124468282
United Kingdom,2012,1.52826034721852,8.279,2.5732347965453
United Kingdom,2013,1.71846961308464,7.752,2.29166666666659
United Kingdom,2014,3.16017351468152,6.398,1.45112016293279
United Kingdom,2015,2.14040560033371,5.552,0.36804684232536
United Kingdom,2016,2.20652020635357,4.909,1.0084173681141
United Kingdom,2017,3.02322219840339,4.501,2.55775577557747
United Kingdom,2018,1.55133095078786,4.145,2.29283990345938
United Kingdom,2019,1.25629899760824,3.657,1.73810460086513
United Kingdom,2020,-10.047896637362,4.472,0.989486703772491
United States,1988,4.1769823865164,,4.07774110744413
United States,1989,3.67223784383981,,4.82700303008944
United States,1990,1.88596558187626,,5.39795643990325
United States,1991,-0.108312882368935,6.8,4.23496396453849
United States,1992,3.52249717301392,7.5,3.02881967814969
United States,1993,2.75179586709815,6.9,2.95165696638559
United States,1994,4.02902272983438,6.119,2.60744159215453
United States,1995,2.6844307317787,5.65,2.80541968853662
United States,1996,3.77277269119453,5.451,2.93120419993441
United States,1997,4.44712793566428,5.0,2.33768993730735
United States,1998,4.48313335374613,4.511,1.55227909874364
United States,1999,4.78842504725272,4.219,2.18802719697358
United States,2000,4.07758575682804,3.992,3.37685727149929
United States,2001,0.955538348341605,4.731,2.82617111885407
United States,2002,1.70044732643726,5.783,1.58603162650601
United States,2003,2.79560596320081,5.989,2.27009497336115
United States,2004,3.84777169556921,5.529,2.67723669309172
United States,2005,3.48354993555606,5.084,3.3927468454955
United States,2006,2.78453963650701,4.623,3.22594410070404
United States,2007,2.00385829784946,4.622,2.85267248150138
United States,2008,0.113587249881704,5.784,3.839100296651
United States,2009,-2.57650022958367,9.254,-0.355546266299747
United States,2010,2.69519257744442,9.633,1.6400434423899
United States,2011,1.56440685763506,8.949,3.156841568622
United States,2012,2.28911338669843,8.069,2.06933726526067
United States,2013,2.11783009790057,7.375,1.46483265562717
United States,2014,2.52381981363968,6.168,1.62222297740817
United States,2015,2.94555045484053,5.28,0.118627135552451
United States,2016,1.81945147788167,4.869,1.26158320570536
United States,2017,2.45762229852507,4.355,2.13011000365961
United States,2018,2.96650506901305,3.896,2.44258329692817
United States,2019,2.58382533412825,3.669,1.81221007526021
United States,2020,-2.16302914036166,8.055,1.23358439630629
